1;Kolor:select:0;Biały:0
1;Kolor:select:0;Czarny:0
1;Kolor:select:0;Czerwony:0
1;Kolor:select:0;Fioletowy:0
1;Kolor:select:0;Grafit z brokatem:0
1;Kolor:select:0;Grafitowy:0
1;Kolor:select:0;Pomarańczowy:0
1;Kolor:select:0;Szary:0
1;Kolor:select:0;Turkusowy:0
1;Kolor:select:0;Żółty:0
5;Kolor:select:0;Biały:0
5;Kolor:select:0;Czarny:0
5;Kolor:select:0;Grafit z brokatem:0
6;Kolor:select:0;Biały:0
6;Kolor:select:0;Czarny:0
6;Kolor:select:0;Szary:0
8;Kolor:select:0;Biały:0
8;Kolor:select:0;Czarny:0
9;Kolor:select:0;Biały:0
9;Kolor:select:0;Czarny:0
10;Kolor:select:0;Biały:0
10;Kolor:select:0;Czarny:0
10;Kolor:select:0;Szary:0
12;Kolor:select:0;Biały:0
12;Kolor:select:0;Czarny:0
12;Kolor:select:0;Grafit z brokatem:0
13;Kolor:select:0;Czarny:0
13;Kolor:select:0;Czarny-chrom:0
13;Kolor:select:0;Czarny-miedź:0
14;Kolor:select:0;Biały:0
14;Kolor:select:0;Czarny:0
14;Kolor:select:0;Grafit z brokatem:0
15;Kolor:select:0;Biały:0
15;Kolor:select:0;Czarny:0
15;Kolor:select:0;Transparentny:0
16;Kolor:select:0;Biały:0
16;Kolor:select:0;Czarny:0
17;Kolor:select:0;Biały:0
17;Kolor:select:0;Czarny:0
17;Kolor:select:0;Szary:0
18;Kolor:select:0;Biały:0
18;Kolor:select:0;Czarny:0
20;Kolor:select:0;Biały:0
20;Kolor:select:0;Czarny:0
21;Kolor:select:0;Biały:0
21;Kolor:select:0;Czarny:0
22;Kolor:select:0;Biały:0
22;Kolor:select:0;Czarny:0
23;Kolor:select:0;Biały:0
23;Kolor:select:0;Czarny:0
23;Kolor:select:0;Grafit z brokatem:0
24;Kolor:select:0;Biały:0
24;Kolor:select:0;Czarny:0
24;Kolor:select:0;Grafit z brokatem:0
26;Kolor:select:0;Biały:0
26;Kolor:select:0;Biały z czerwonym:0
26;Kolor:select:0;Czarny:0
26;Kolor:select:0;Czarny z czerwonym:0
26;Kolor:select:0;Czerwony:0
26;Kolor:select:0;Szary z czerwonym:0
28;Kolor:select:0;Biały:0
28;Kolor:select:0;Czarny:0
28;Kolor:select:0;Transparentny:0
29;Kolor:select:0;Czarny:0
29;Kolor:select:0;Miedź:0
30;Kolor:select:0;Biały:0
30;Kolor:select:0;Czarny:0
31;Kolor:select:0;Biały:0
31;Kolor:select:0;Czarny:0
31;Kolor:select:0;Grafitowy:0
31;Kolor:select:0;Szary:0
32;Kolor:select:0;Biały:0
32;Kolor:select:0;Czarny:0
34;Kolor:select:0;Biały:0
34;Kolor:select:0;Cementowy:0
34;Kolor:select:0;Czarny:0
34;Kolor:select:0;Czerwony:0
34;Kolor:select:0;Fioletowy:0
34;Kolor:select:0;Grafit z brokatem:0
34;Kolor:select:0;Grafitowy:0
34;Kolor:select:0;Niebieski:0
34;Kolor:select:0;Pomarańczowy:0
34;Kolor:select:0;Szary:0
34;Kolor:select:0;Turkusowy:0
34;Kolor:select:0;Żółty:0
35;Kolor:select:0;Biały:0
35;Kolor:select:0;Czarny:0
35;Kolor:select:0;Transparentny:0
36;Kolor:select:0;Biały:0
36;Kolor:select:0;Czarny:0
37;Kolor:select:0;Biało-czarny:0
37;Kolor:select:0;Biało-szary:0
37;Kolor:select:0;Biało-złoty:0
37;Kolor:select:0;Biały:0
37;Kolor:select:0;Czarno-złoty:0
37;Kolor:select:0;Czarny:0
39;Kolor:select:0;Biało-czarny:0
39;Kolor:select:0;Biało-czerwony:0
39;Kolor:select:0;Biało-szary:0
39;Kolor:select:0;Biało-zielony:0
39;Kolor:select:0;Biało-złoty:0
39;Kolor:select:0;Biały:0
39;Kolor:select:0;Czarny:0
40;Kolor:select:0;Biało-czarny:0
40;Kolor:select:0;Biało-szary:0
40;Kolor:select:0;Biało-zielony:0
40;Kolor:select:0;Biało-złoty:0
40;Kolor:select:0;Biały:0
40;Kolor:select:0;Czarno-złoty:0
40;Kolor:select:0;Czarny:0
44;Kolor:select:0;Biały:0
44;Kolor:select:0;Czarny:0
45;Kolor:select:0;Biało-czarny:0
45;Kolor:select:0;Biało-czerwony:0
45;Kolor:select:0;Biało-szary:0
45;Kolor:select:0;Biało-zielony:0
45;Kolor:select:0;Biało-złoty:0
45;Kolor:select:0;Biały:0
45;Kolor:select:0;Czarno-złoty:0
45;Kolor:select:0;Czarny:0
47;Kolor:select:0;Biały:0
47;Kolor:select:0;Czarny:0
48;Kolor:select:0;Biały:0
48;Kolor:select:0;Czarny:0
52;Kolor:select:0;Brąz (wenge):0
52;Kolor:select:0;Satynowy:0
55;Kolor:select:0;Biały:0
55;Kolor:select:0;Czarny:0
58;Kolor:select:0;Biały:0
58;Kolor:select:0;Czarny:0
58;Kolor:select:0;Czerwony:0
58;Kolor:select:0;Grafitowy:0
58;Kolor:select:0;Szary:0
58;Kolor:select:0;Turkusowy:0
58;Kolor:select:0;Żółty:0
61;Kolor:select:0;Biały:0
61;Kolor:select:0;Czarny:0
62;Kolor:select:0;Biały:0
62;Kolor:select:0;Czarny:0
62;Kolor:select:0;Szary:0
63;Kolor:select:0;Brązowy:0
63;Kolor:select:0;Satynowy:0
64;Kolor:select:0;Biały:0
64;Kolor:select:0;Brąz (wenge):0
64;Kolor:select:0;Satynowy:0
65;Kolor:select:0;Biały:0
65;Kolor:select:0;Cementowy:0
65;Kolor:select:0;Czarny:0
65;Kolor:select:0;Czerwony:0
65;Kolor:select:0;Fioletowy:0
65;Kolor:select:0;Grafit z brokatem:0
65;Kolor:select:0;Grafitowy:0
65;Kolor:select:0;Niebieski:0
65;Kolor:select:0;Pomarańczowy:0
65;Kolor:select:0;Szary:0
65;Kolor:select:0;Turkusowy:0
65;Kolor:select:0;Żółty:0
66;Kolor:select:0;Biały:0
66;Kolor:select:0;Czarny:0
68;Kolor:select:0;Chrom:0
68;Kolor:select:0;Miedź:0
71;Kolor:select:0;Brąz (wenge):0
71;Kolor:select:0;Satynowy:0
72;Kolor:select:0;Brąz (wenge):0
72;Kolor:select:0;Satynowy:0
73;Kolor:select:0;Biały:0
73;Kolor:select:0;Czarny:0
74;Kolor:select:0;Brąz (wenge):0
74;Kolor:select:0;Satynowy:0
75;Kolor:select:0;Biały:0
75;Kolor:select:0;Czarny:0
76;Kolor:select:0;Biały:0
76;Kolor:select:0;Czarny:0
76;Kolor:select:0;Grafitowy:0
76;Kolor:select:0;Szary:0
77;Kolor:select:0;Brąz (wenge):0
77;Kolor:select:0;Satynowy:0
78;Kolor:select:0;Biały:0
78;Kolor:select:0;Czarny:0
79;Kolor:select:0;Brąz (wenge):0
79;Kolor:select:0;Satynowy:0
80;Kolor:select:0;Biały:0
80;Kolor:select:0;Czarny:0
80;Kolor:select:0;Transparentny:0
81;Kolor:select:0;Biały:0
81;Kolor:select:0;Czarny:0
81;Kolor:select:0;Grafitowy:0
81;Kolor:select:0;Szary:0
82;Kolor:select:0;Biały:0
82;Kolor:select:0;Czarny:0
82;Kolor:select:0;Różowy:0
82;Kolor:select:0;Srebrny:0
83;Kolor:select:0;Biały:0
83;Kolor:select:0;Czarny:0
83;Kolor:select:0;Srebrny:0
84;Kolor:select:0;Biały:0
84;Kolor:select:0;Czarny:0
84;Kolor:select:0;Szary:0
85;Kolor:select:0;Biały:0
85;Kolor:select:0;Czarny:0
85;Kolor:select:0;Srebrny:0
86;Kolor:select:0;Biały:0
86;Kolor:select:0;Czarny:0
86;Kolor:select:0;Srebrny:0
87;Kolor:select:0;Biały:0
87;Kolor:select:0;Czarny:0
88;Kolor:select:0;Brąz (wenge):0
88;Kolor:select:0;Satynowy:0
89;Kolor:select:0;Brąz (wenge):0
89;Kolor:select:0;Satynowy:0
90;Kolor:select:0;Biały:0
90;Kolor:select:0;Brąz (wenge):0
90;Kolor:select:0;Satynowy:0
91;Kolor:select:0;Biały:0
91;Kolor:select:0;Czarny:0
91;Kolor:select:0;Czerwony:0
93;Kolor:select:0;Biały:0
93;Kolor:select:0;Czarny:0
94;Kolor:select:0;Biały:0
94;Kolor:select:0;Czarny:0
94;Kolor:select:0;Czerwony:0
94;Kolor:select:0;Grafit z brokatem:0
95;Kolor:select:0;Biały:0
95;Kolor:select:0;Czarny:0
95;Kolor:select:0;Jasnoszary:0
95;Kolor:select:0;Szary:0
96;Kolor:select:0;Biały:0
96;Kolor:select:0;Czarny:0
96;Kolor:select:0;Transparentny:0
97;Kolor:select:0;Biały:0
97;Kolor:select:0;Czarny:0
99;Kolor:select:0;Biały:0
99;Kolor:select:0;Czarny:0
100;Kolor:select:0;Biały:0
100;Kolor:select:0;Czarny:0
101;Kolor:select:0;Biały:0
101;Kolor:select:0;Czarny:0
102;Kolor:select:0;Biały:0
102;Kolor:select:0;Czarny:0
103;Kolor:select:0;Biały:0
103;Kolor:select:0;Brązowy:0
103;Kolor:select:0;Czarny:0
103;Kolor:select:0;Grafit z brokatem:0
104;Kolor:select:0;Biały:0
104;Kolor:select:0;Czarny:0
105;Kolor:select:0;Biały:0
105;Kolor:select:0;Czarny:0
108;Kolor:select:0;Czarny:0
108;Kolor:select:0;Czarny-chrom:0
108;Kolor:select:0;Czarny-miedź:0
109;Kolor:select:0;Biały:0
109;Kolor:select:0;Czarny:0
110;Kolor:select:0;Biały:0
110;Kolor:select:0;Czarny:0
111;Kolor:select:0;Biały:0
111;Kolor:select:0;Brązowy:0
111;Kolor:select:0;Czarny:0
111;Kolor:select:0;Szary:0
115;Kolor:select:0;Biały:0
115;Kolor:select:0;Brąz (wenge):0
115;Kolor:select:0;Grafit z brokatem:0
115;Kolor:select:0;Miedź:0
115;Kolor:select:0;Szary:0
117;Kolor:select:0;Czarny:0
117;Kolor:select:0;Miedź:0
118;Kolor:select:0;Biały:0
118;Kolor:select:0;Czarny:0
118;Kolor:select:0;Grafit z brokatem:0
122;Kolor:select:0;Biały:0
122;Kolor:select:0;Brązowy:0
122;Kolor:select:0;Czarny:0
122;Kolor:select:0;Grafit z brokatem:0
123;Kolor:select:0;Biały:0
123;Kolor:select:0;Brązowy:0
123;Kolor:select:0;Czarny:0
123;Kolor:select:0;Grafit z brokatem:0
124;Kolor:select:0;Biały:0
124;Kolor:select:0;Brązowy:0
124;Kolor:select:0;Czarny:0
124;Kolor:select:0;Grafit z brokatem:0
125;Kolor:select:0;Biały:0
125;Kolor:select:0;Brązowy:0
125;Kolor:select:0;Czarny:0
125;Kolor:select:0;Grafit z brokatem:0
126;Kolor:select:0;Biały:0
126;Kolor:select:0;Brązowy:0
126;Kolor:select:0;Czarny:0
126;Kolor:select:0;Grafit z brokatem:0
127;Kolor:select:0;Biały:0
127;Kolor:select:0;Brązowy:0
127;Kolor:select:0;Czarny:0
127;Kolor:select:0;Grafit z brokatem:0
128;Kolor:select:0;Biały:0
128;Kolor:select:0;Brązowy:0
128;Kolor:select:0;Czarny:0
128;Kolor:select:0;Grafit z brokatem:0
129;Kolor:select:0;Biały:0
129;Kolor:select:0;Brąz (wenge):0
129;Kolor:select:0;Czarny:0
129;Kolor:select:0;Grafit z brokatem:0
130;Kolor:select:0;Biały:0
130;Kolor:select:0;Czarny:0
131;Kolor:select:0;Biały:0
131;Kolor:select:0;Czarny:0
132;Kolor:select:0;Biały:0
132;Kolor:select:0,Kształt abażura:select:1;Czarny:0,Okrągły:1
132;Kolor:select:0,Kształt abażura:select:1;Czarny:0,Stożkowy:1
132;Kolor:select:0,Kształt abażura:select:1;Grafitowy:0,Okrągły:1
132;Kolor:select:0,Kształt abażura:select:1;Grafitowy:0,Stożkowy:1
133;Kolor:select:0;Biały:0
133;Kolor:select:0;Czarny:0
134;Kolor:select:0;Biały:0
134;Kolor:select:0;Czarny:0
135;Kolor:select:0;Biały:0
135;Kolor:select:0;Czarny:0
136;Kolor:select:0;Biały:0
136;Kolor:select:0;Czarny:0
137;Kolor:select:0;Brązowy:0
137;Kolor:select:0;Satynowy:0
138;Kolor:select:0;Biały:0
138;Kolor:select:0;Czarny:0
138;Kolor:select:0;Jasnoszary:0
138;Kolor:select:0;Szary:0
139;Kolor:select:0;Biały:0
139;Kolor:select:0;Czarny:0
139;Kolor:select:0;Jasnoszary:0
139;Kolor:select:0;Szary:0
140;Kolor:select:0;Biały:0
140;Kolor:select:0;Czarny:0
141;Kolor:select:0;Biały:0
141;Kolor:select:0;Czarny:0
144;Kolor:select:0;Biały:0
144;Kolor:select:0;Czarny:0
144;Kolor:select:0;Grafit z brokatem:0
145;Kolor:select:0;Biały:0
145;Kolor:select:0;Czarny:0
146;Kolor:select:0;Chrom:0
146;Kolor:select:0;Czarny:0
146;Kolor:select:0;Miedź:0
147;Kolor:select:0;Biały:0
147;Kolor:select:0;Satynowy:0
148;Kolor:select:0;Brązowy:0
148;Kolor:select:0;Satynowy:0
149;Kolor:select:0;Brązowy:0
149;Kolor:select:0;Satynowy:0
150;Kolor:select:0;Biały:0
150;Kolor:select:0;Brąz (wenge):0
150;Kolor:select:0;Czarny:0
150;Kolor:select:0;Jasnoszary:0
150;Kolor:select:0;Szary:0
151;Kolor:select:0;Biały:0
151;Kolor:select:0;Czarny:0
151;Kolor:select:0;Szary:0
152;Kolor:select:0;Biały:0
152;Kolor:select:0;Czarny:0
153;Kolor:select:0;Biały:0
153;Kolor:select:0;Czarny:0
154;Kolor:select:0;Biały:0
154;Kolor:select:0;Czarny:0
155;Kolor:select:0;Biały:0
155;Kolor:select:0;Czarny:0
156;Kolor:select:0;Biały:0
156;Kolor:select:0;Czarny:0
157;Kolor:select:0;Biały:0
157;Kolor:select:0;Czarny:0
158;Kolor:select:0;Biały:0
158;Kolor:select:0;Czarny:0
158;Kolor:select:0;Fuksja:0
158;Kolor:select:0;Turkusowy:0
159;Kolor:select:0;Czarny:0
159;Kolor:select:0;Miedź:0
161;Kolor:select:0;Biały:0
161;Kolor:select:0;Brąz (wenge):0
161;Kolor:select:0;Czarny:0
161;Kolor:select:0;Grafit z brokatem:0
161;Kolor:select:0;Miedź:0
161;Kolor:select:0;Szary:0
162;Kolor:select:0;Chrom:0
162;Kolor:select:0;Miedź:0
162;Kolor:select:0;Złoty:0
163;Kolor:select:0;Biały:0
163;Kolor:select:0;Czarny:0
164;Kolor:select:0;Biały:0
164;Kolor:select:0;Czarny:0
165;Kolor:select:0;Biały:0
165;Kolor:select:0;Czarny:0
166;Kolor:select:0;Biały:0
166;Kolor:select:0;Czarny:0
167;Kolor:select:0;Biały:0
167;Kolor:select:0;Czarny:0
169;Kolor:select:0;Biały:0
169;Kolor:select:0;Czarny:0
170;Kolor:select:0;Biały:0
170;Kolor:select:0;Czarny:0
172;Kolor:select:0;Biały:0
172;Kolor:select:0;Czarny:0
173;Kolor:select:0;Biały:0
173;Kolor:select:0;Czarny:0
174;Kolor:select:0;Biały:0
174;Kolor:select:0;Czarny:0
175;Kolor:select:0;Biały:0
175;Kolor:select:0;Czarny:0
175;Kolor:select:0;Transparentny:0
177;Kolor:select:0;Biały:0
177;Kolor:select:0;Czarny:0
178;Kolor:select:0;Biały:0
178;Kolor:select:0;Czarny:0
179;Kolor:select:0;Biały:0
179;Kolor:select:0;Czarny:0
180;Kolor:select:0;Biały:0
180;Kolor:select:0;Czarny:0
181;Kolor:select:0;Biały:0
181;Kolor:select:0;Czarny:0
182;Kolor:select:0;Biały:0
182;Kolor:select:0;Czarny:0
183;Kolor:select:0;Biały:0
183;Kolor:select:0;Czarny:0
184;Kolor:select:0;Biały:0
184;Kolor:select:0;Czarny:0
185;Kolor:select:0;Biały:0
185;Kolor:select:0;Czarny:0
186;Kolor:select:0;Biały:0
186;Kolor:select:0;Czarny:0
187;Kolor:select:0;Biały:0
187;Kolor:select:0;Czarny:0
187;Kolor:select:0;Transparentny:0
188;Kolor:select:0;Biały:0
188;Kolor:select:0;Czarny:0
189;Kolor:select:0;Biały:0
189;Kolor:select:0;Czarny:0
190;Kolor:select:0;Biały:0
190;Kolor:select:0;Czarny:0
190;Kolor:select:0;Transparentny:0
191;Kolor:select:0;Biały:0
191;Kolor:select:0;Czarny:0
191;Kolor:select:0;Palisander:0
191;Kolor:select:0;Szary:0
191;Kolor:select:0;Wenge:0
192;Kolor:select:0;Biały:0
192;Kolor:select:0;Czarny:0
192;Kolor:select:0;Palisander:0
192;Kolor:select:0;Szary:0
192;Kolor:select:0;Wenge:0
197;Kolor:select:0;Biały:0
197;Kolor:select:0;Czarny:0
198;Kolor:select:0;Biały:0
198;Kolor:select:0;Czarny:0
199;Kolor:select:0;Biały:0
199;Kolor:select:0;Czarny:0
199;Kolor:select:0;Grafit z brokatem:0
200;Kolor:select:0;Biały:0
200;Kolor:select:0;Czarny:0
200;Kolor:select:0;Grafit z brokatem:0
201;Kolor:select:0;Biały:0
201;Kolor:select:0;Czarny:0
202;Kolor:select:0;Biały:0
202;Kolor:select:0;Czarny:0
207;Kolor:select:0;Biały:0
207;Kolor:select:0;Czarny:0
208;Kolor:select:0;Biały:0
208;Kolor:select:0;Czarny:0
209;Kolor:select:0;Biały:0
209;Kolor:select:0;Czarny:0
212;Kolor:select:0;Biały:0
212;Kolor:select:0;Szary:0
213;Kolor:select:0;Biały:0
213;Kolor:select:0;Czarny:0
213;Kolor:select:0;Szary:0
214;Kolor:select:0;Biały:0
214;Kolor:select:0;Czarny:0
214;Kolor:select:0;Transparentny:0
215;Kolor:select:0;Biały:0
215;Kolor:select:0;Czarny:0
215;Kolor:select:0;Szary:0
216;Kolor:select:0;Biały:0
216;Kolor:select:0;Czarny:0
216;Kolor:select:0;Szary:0
218;Kolor:select:0;Biały:0
218;Kolor:select:0;Czarny:0
218;Kolor:select:0;Szary:0
221;Kolor:select:0;Biały:0
221;Kolor:select:0;Czarny:0
234;Kolor:select:0;Biały:0
234;Kolor:select:0;Szary:0
235;Kolor:select:0;Biały:0
235;Kolor:select:0;Szary:0
236;Kolor:select:0;Biały:0
236;Kolor:select:0;Czarny:0
238;Kolor:select:0;Biały:0
238;Kolor:select:0;Czarny:0
238;Kolor:select:0;Szary:0
239;Kolor:select:0;Biały:0
239;Kolor:select:0;Chrom:0
239;Kolor:select:0;Czarny:0
240;Kolor:select:0;Biały:0
240;Kolor:select:0;Chrom:0
240;Kolor:select:0;Czarny:0
241;Kolor:select:0;Biały:0
241;Kolor:select:0;Czarny:0
242;Kolor:select:0;Biały:0
242;Kolor:select:0;Czarny:0
244;Kolor:select:0;Biały:0
244;Kolor:select:0;Czarny:0
245;Kolor:select:0;Biały:0
245;Kolor:select:0;Czarny:0
245;Kolor:select:0;Jasnoszary:0
245;Kolor:select:0;Szary:0
248;Kolor:select:0;Biały:0
248;Kolor:select:0;Czarny:0
248;Kolor:select:0;Jasnoszary:0
248;Kolor:select:0;Niebieski:0
248;Kolor:select:0;Różowy:0
249;Kolor:select:0;Biały:0
249;Kolor:select:0;Czarny:0
249;Kolor:select:0;Szary:0
250;Kolor:select:0;Biały:0
250;Kolor:select:0;Czarny:0
250;Kolor:select:0;Szary:0
251;Kolor:select:0;Biały:0
251;Kolor:select:0;Czarny:0
251;Kolor:select:0;Szary:0
258;Kolor:select:0;Biały:0
258;Kolor:select:0;Czarny:0
258;Kolor:select:0;Szary:0
259;Kolor:select:0;Biały:0
259;Kolor:select:0;Czarny:0
259;Kolor:select:0;Niebieski:0
259;Kolor:select:0;Różowy:0
259;Kolor:select:0;Szary:0
260;Kolor:select:0;Biały:0
260;Kolor:select:0;Czarny:0
260;Kolor:select:0;Szary:0
261;Kolor:select:0;Biały:0
261;Kolor:select:0;Czarny:0
261;Kolor:select:0;Szary:0
262;Kolor:select:0;Biały:0
262;Kolor:select:0;Czarny:0
262;Kolor:select:0;Szary:0
263;Kolor:select:0;Biały:0
263;Kolor:select:0;Czarny:0
263;Kolor:select:0;Szary:0
264;Kolor:select:0;Biały:0
264;Kolor:select:0;Czarny:0
264;Kolor:select:0;Szary:0
265;Kolor:select:0;Biały:0
265;Kolor:select:0;Czarny:0
265;Kolor:select:0;Szary:0
266;Kolor:select:0;Biały:0
266;Kolor:select:0;Czarny:0
266;Kolor:select:0;Szary:0
267;Kolor:select:0;Biały:0
267;Kolor:select:0;Czarny:0
267;Kolor:select:0;Szary:0
268;Kolor:select:0;Biały:0
268;Kolor:select:0;Czarny:0
268;Kolor:select:0;Szary:0
269;Kolor:select:0;Biały:0
269;Kolor:select:0;Czarny:0
269;Kolor:select:0;Szary:0
270;Kolor:select:0;Biały:0
270;Kolor:select:0;Czarny:0
270;Kolor:select:0;Szary:0
271;Kolor:select:0;Biały:0
271;Kolor:select:0;Czarny:0
271;Kolor:select:0;Szary:0
282;Kolor:select:0;Biały:0
282;Kolor:select:0;Czarny:0
283;Kolor:select:0;Biały:0
283;Kolor:select:0;Czarny:0
284;Kolor:select:0;Biały:0
284;Kolor:select:0;Czarny:0
285;Kolor:select:0;Biały:0
285;Kolor:select:0;Czarny:0
286;Kolor:select:0;Biały:0
286;Kolor:select:0;Czarny:0
287;Kolor:select:0;Biały:0
287;Kolor:select:0;Czarny:0
287;Kolor:select:0;Szary:0
288;Kolor:select:0;Biały:0
288;Kolor:select:0;Czarny:0
288;Kolor:select:0;Szary:0
289;Kolor:select:0;Biały:0
289;Kolor:select:0;Czarny:0
289;Kolor:select:0;Szary:0
290;Kolor:select:0;Biały:0
290;Kolor:select:0;Czarny:0
290;Kolor:select:0;Szary:0
291;Kolor:select:0;Biały:0
291;Kolor:select:0;Czarny:0
291;Kolor:select:0;Szary:0
293;Kolor:select:0;Biały:0
293;Kolor:select:0;Czarny:0
293;Kolor:select:0;Szary:0
294;Kolor:select:0;Biały:0
294;Kolor:select:0;Czarny:0
294;Kolor:select:0;Grafit z brokatem:0
294;Kolor:select:0;Szary:0
295;Kolor:select:0;Biały:0
295;Kolor:select:0;Czarny:0
295;Kolor:select:0;Grafit z brokatem:0
296;Kolor:select:0;Biały:0
296;Kolor:select:0;Czarny:0
296;Kolor:select:0;Szary:0
297;Kolor:select:0;Biały:0
297;Kolor:select:0;Czarny:0
297;Kolor:select:0;Szary:0
298;Kolor:select:0;Biały:0
298;Kolor:select:0;Czarny:0
298;Kolor:select:0;Szary:0
299;Kolor:select:0;Biały:0
299;Kolor:select:0;Czarny:0
299;Kolor:select:0;Szary:0
300;Kolor:select:0;Biały:0
300;Kolor:select:0;Czarny:0
300;Kolor:select:0;Szary:0
301;Kolor:select:0;Biały:0
301;Kolor:select:0;Czarny:0
301;Kolor:select:0;Szary:0
302;Kolor:select:0;Biały:0
302;Kolor:select:0;Czarny:0
302;Kolor:select:0;Szary:0
303;Kolor:select:0;Biały:0
303;Kolor:select:0;Czarny:0
303;Kolor:select:0;Szary:0
304;Kolor:select:0;Biały:0
304;Kolor:select:0;Czarny:0
304;Kolor:select:0;Szary:0
305;Kolor:select:0;Biały:0
305;Kolor:select:0;Czarny:0
305;Kolor:select:0;Szary:0
306;Kolor:select:0;Biały:0
306;Kolor:select:0;Brązowy:0
306;Kolor:select:0;Ciemnoszary:0
306;Kolor:select:0;Czarny:0
306;Kolor:select:0;Jasnoszary:0
306;Kolor:select:0;Kremowy:0
307;Kolor:select:0;Biały:0
307;Kolor:select:0;Brązowy:0
307;Kolor:select:0;Ciemnoszary:0
307;Kolor:select:0;Czarny:0
307;Kolor:select:0;Jasnoszary:0
307;Kolor:select:0;Kremowy:0
308;Kolor:select:0;Biały:0
308;Kolor:select:0;Brązowy:0
308;Kolor:select:0;Ciemnoszary:0
308;Kolor:select:0;Czarny:0
308;Kolor:select:0;Jasnoszary:0
308;Kolor:select:0;Kremowy:0
309;Kolor:select:0;Biały:0
309;Kolor:select:0;Brązowy:0
309;Kolor:select:0;Ciemnoszary:0
309;Kolor:select:0;Czarny:0
309;Kolor:select:0;Jasnoszary:0
309;Kolor:select:0;Kremowy:0
310;Kolor:select:0;Biały:0
310;Kolor:select:0;Brązowy:0
310;Kolor:select:0;Ciemnoszary:0
310;Kolor:select:0;Czarny:0
310;Kolor:select:0;Jasnoszary:0
310;Kolor:select:0;Kremowy:0
311;Kolor:select:0;Biały:0
311;Kolor:select:0;Brązowy:0
311;Kolor:select:0;Ciemnoszary:0
311;Kolor:select:0;Czarny:0
311;Kolor:select:0;Jasnoszary:0
311;Kolor:select:0;Kremowy:0
312;Kolor:select:0;Biały:0
312;Kolor:select:0;Brązowy:0
312;Kolor:select:0;Ciemnoszary:0
312;Kolor:select:0;Czarny:0
312;Kolor:select:0;Jasnoszary:0
312;Kolor:select:0;Kremowy:0
317;Kolor:select:0;Czarny:0
317;Kolor:select:0;Szary:0
319;Kolor:select:0;Biały:0
319;Kolor:select:0;Czarny:0
319;Kolor:select:0;Szary:0
320;Kolor:select:0;Biały:0
320;Kolor:select:0;Czarny:0
321;Kolor:select:0;Biały:0
321;Kolor:select:0;Czarny:0
322;Kolor:select:0;Biały:0
322;Kolor:select:0;Czarny:0
324;Kolor:select:0;Biały:0
324;Kolor:select:0;Cementowy:0
324;Kolor:select:0;Czarny:0
325;Kolor:select:0;Biały:0
325;Kolor:select:0;Cementowy:0
325;Kolor:select:0;Czarny:0
326;Kolor:select:0;Biały:0
326;Kolor:select:0;Cementowy:0
326;Kolor:select:0;Czarny:0
327;Kolor:select:0;Biały:0
327;Kolor:select:0;Cementowy:0
327;Kolor:select:0;Czarny:0
328;Kolor:select:0;Biały:0
328;Kolor:select:0;Cementowy:0
328;Kolor:select:0;Czarny:0
329;Kolor:select:0;Biały:0
329;Kolor:select:0;Cementowy:0
329;Kolor:select:0;Czarny:0
330;Kolor:select:0;Biały:0
330;Kolor:select:0;Cementowy:0
330;Kolor:select:0;Czarny:0
331;Kolor:select:0;Biały:0
331;Kolor:select:0;Cementowy:0
331;Kolor:select:0;Czarny:0
332;Kolor:select:0;Biały:0
332;Kolor:select:0;Cementowy:0
332;Kolor:select:0;Czarny:0
353;Kolor:select:0;Biały:0
353;Kolor:select:0;Cementowy:0
353;Kolor:select:0;Czarny:0
354;Kolor:select:0;Biały:0
354;Kolor:select:0;Cementowy:0
354;Kolor:select:0;Czarny:0
355;Kolor:select:0;Biały:0
355;Kolor:select:0;Cementowy:0
355;Kolor:select:0;Czarny:0
356;Kolor:select:0;Biały:0
356;Kolor:select:0;Cementowy:0
356;Kolor:select:0;Czarny:0
357;Kolor:select:0;Biały:0
357;Kolor:select:0;Cementowy:0
357;Kolor:select:0;Czarny:0
369;Kolor:select:0;Biały:0
369;Kolor:select:0;Czarny:0
369;Kolor:select:0;Palisander:0
369;Kolor:select:0;Szary:0
369;Kolor:select:0;Wenge:0
370;Kolor:select:0;Niebieski:0
370;Kolor:select:0;Różowy:0
370;Kolor:select:0;Żółty:0
371;Kolor:select:0;Niebieski:0
371;Kolor:select:0;Różowy:0
371;Kolor:select:0;Żółty:0
372;Kolor:select:0;Niebieski:0
372;Kolor:select:0;Różowy:0
372;Kolor:select:0;Żółty:0
373;Kolor:select:0;Niebieski:0
373;Kolor:select:0;Różowy:0
373;Kolor:select:0;Żółty:0
374;Kolor:select:0;Niebieski:0
374;Kolor:select:0;Różowy:0
374;Kolor:select:0;Żółty:0
378;Kolor:select:0;Niebieski:0
378;Kolor:select:0;Różowy:0
378;Kolor:select:0;Żółty:0
379;Kolor:select:0;Niebieski:0
379;Kolor:select:0;Różowy:0
379;Kolor:select:0;Żółty:0
380;Kolor:select:0;Niebieski:0
380;Kolor:select:0;Różowy:0
380;Kolor:select:0;Żółty:0
381;Kolor:select:0;Niebieski:0
381;Kolor:select:0;Różowy:0
381;Kolor:select:0;Żółty:0
382;Kolor:select:0;Niebieski:0
382;Kolor:select:0;Różowy:0
382;Kolor:select:0;Żółty:0
383;Kolor:select:0;Niebieski:0
383;Kolor:select:0;Różowy:0
383;Kolor:select:0;Żółty:0
389;Kolor:select:0;Biały:0
389;Kolor:select:0;Czarny:0
389;Kolor:select:0;Grafit z brokatem:0
390;Kolor:select:0;Biały:0
390;Kolor:select:0;Cementowy:0
390;Kolor:select:0;Czarny:0
391;Kolor:select:0;Biały:0
391;Kolor:select:0;Cementowy:0
391;Kolor:select:0;Czarny:0
392;Kolor:select:0;Biały:0
392;Kolor:select:0;Czarny:0
392;Kolor:select:0;Grafit z brokatem:0
393;Kolor:select:0;Miedź:0
393;Kolor:select:0;Złoty:0
394;Kolor:select:0,Kolory konstrukcji:select:1;Biały:0,Biały:1
394;Kolor:select:0,Kolory konstrukcji:select:1;Biały:0,Czarny:1
394;Kolor:select:0,Kolory konstrukcji:select:1;Biały:0,Jasnoszary:1
394;Kolor:select:0,Kolory konstrukcji:select:1;Czarny:0,Biały:1
394;Kolor:select:0,Kolory konstrukcji:select:1;Czarny:0,Czarny:1
394;Kolor:select:0,Kolory konstrukcji:select:1;Czarny:0,Jasnoszary:1
394;Kolor:select:0,Kolory konstrukcji:select:1;Szary:0,Biały:1
394;Kolor:select:0,Kolory konstrukcji:select:1;Szary:0,Czarny:1
394;Kolor:select:0,Kolory konstrukcji:select:1;Szary:0,Jasnoszary:1
395;Kolor:select:0,Kolory konstrukcji:select:1;Biały:0,Biały:1
395;Kolor:select:0,Kolory konstrukcji:select:1;Biały:0,Czarny:1
395;Kolor:select:0,Kolory konstrukcji:select:1;Biały:0,Jasnoszary:1
395;Kolor:select:0,Kolory konstrukcji:select:1;Czarny:0,Biały:1
395;Kolor:select:0,Kolory konstrukcji:select:1;Czarny:0,Czarny:1
395;Kolor:select:0,Kolory konstrukcji:select:1;Czarny:0,Jasnoszary:1
395;Kolor:select:0,Kolory konstrukcji:select:1;Szary:0,Biały:1
395;Kolor:select:0,Kolory konstrukcji:select:1;Szary:0,Czarny:1
395;Kolor:select:0,Kolory konstrukcji:select:1;Szary:0,Jasnoszary:1
396;Kolor:select:0,Kolory konstrukcji:select:1;Biały:0,Biały:1
396;Kolor:select:0,Kolory konstrukcji:select:1;Biały:0,Czarny:1
396;Kolor:select:0,Kolory konstrukcji:select:1;Biały:0,Jasnoszary:1
396;Kolor:select:0,Kolory konstrukcji:select:1;Czarny:0,Biały:1
396;Kolor:select:0,Kolory konstrukcji:select:1;Czarny:0,Czarny:1
396;Kolor:select:0,Kolory konstrukcji:select:1;Czarny:0,Jasnoszary:1
396;Kolor:select:0,Kolory konstrukcji:select:1;Szary:0,Biały:1
396;Kolor:select:0,Kolory konstrukcji:select:1;Szary:0,Czarny:1
396;Kolor:select:0,Kolory konstrukcji:select:1;Szary:0,Jasnoszary:1
404;Kolor:select:0;Biało-złoty:0
404;Kolor:select:0;Chrom-biały:0
404;Kolor:select:0;Czarno-złoty:0
404;Kolor:select:0;Czarny-chrom:0
405;Kolor:select:0;Biały:0
405;Kolor:select:0;Czarny:0
423;Kolor:select:0;Biały:0
423;Kolor:select:0;Czarny:0
423;Kolor:select:0;Różowy:0
423;Kolor:select:0;Srebrny:0
424;Kolor:select:0;Biały:0
424;Kolor:select:0;Czarny:0
424;Kolor:select:0;Różowy:0
424;Kolor:select:0;Srebrny:0
425;Kolor:select:0;Biały:0
425;Kolor:select:0;Czarny:0
425;Kolor:select:0;Różowy:0
425;Kolor:select:0;Srebrny:0
426;Kolor:select:0;Biały:0
426;Kolor:select:0;Czarny:0
426;Kolor:select:0;Różowy:0
426;Kolor:select:0;Srebrny:0
427;Kolor:select:0;Biały:0
427;Kolor:select:0;Czarny:0
427;Kolor:select:0;Srebrny:0
428;Kolor:select:0;Biały:0
428;Kolor:select:0;Czarny:0
428;Kolor:select:0;Srebrny:0
429;Kolor:select:0;Biały:0
429;Kolor:select:0;Czarny:0
429;Kolor:select:0;Srebrny:0
430;Kolor:select:0;Biały:0
430;Kolor:select:0;Czarny:0
430;Kolor:select:0;Srebrny:0
431;Kolor linki:select:0,Kolory konstrukcji:select:1;Biała:0,Biały:1
431;Kolor linki:select:0,Kolory konstrukcji:select:1;Biała:0,Czarny:1
431;Kolor linki:select:0,Kolory konstrukcji:select:1;Czarna:0,Biały:1
431;Kolor linki:select:0,Kolory konstrukcji:select:1;Czarna:0,Czarny:1
432;Kolor linki:select:0,Kolory konstrukcji:select:1;Biała:0,Biały:1
432;Kolor linki:select:0,Kolory konstrukcji:select:1;Biała:0,Czarny:1
432;Kolor linki:select:0,Kolory konstrukcji:select:1;Czarna:0,Biały:1
432;Kolor linki:select:0,Kolory konstrukcji:select:1;Czarna:0,Czarny:1
435;Kolor:select:0;Biały:0
435;Kolor:select:0;Czarny:0
436;Kolor:select:0;Biały:0
436;Kolor:select:0;Czarny:0
437;Kolor:select:0;Biały:0
437;Kolor:select:0;Czarny:0
438;Kolor:select:0;Biały:0
438;Kolor:select:0;Czarny:0
439;Kolor:select:0;Biały:0
439;Kolor:select:0;Czarny:0
440;Kolor:select:0;Biały:0
440;Kolor:select:0;Czarny:0
441;Kolor:select:0;Biały:0
441;Kolor:select:0;Czarny:0
459;Kolor:select:0;Biały:0
459;Kolor:select:0;Czarny:0
461;Kolor:select:0;Biały:0
461;Kolor:select:0;Błŕkitny:0
461;Kolor:select:0;Czarny:0
461;Kolor:select:0;Granatowy:0
461;Kolor:select:0;Jasnoszary:0
461;Kolor:select:0;Różowy:0
461;Kolor:select:0;Szary:0
461;Kolor:select:0;Wrzosowy:0
461;Kolor:select:0;Zielony:0
461;Kolor:select:0;Żółty:0
461;Kolory konstrukcji:select:0;Biały:0
461;Kolory konstrukcji:select:0;Czarny:0
496;Kolory konstrukcji:select:0;Biały:0
496;Kolory konstrukcji:select:0;Brązowy:0
496;Kolory konstrukcji:select:0;Satynowy:0
497;Wymiary Klosza:select:0;Wysokość 24 cm / szerokość 20 cm:0
497;Wymiary Klosza:select:0;Wysokość 30.5 cm / szerokość 18 cm:0
497;Wymiary Klosza:select:0;Wysokość 32.5 cm / szerokość 13 cm:0
498;Wymiary Klosza:select:0;Wysokość 24 cm / szerokość 20 cm:0
498;Wymiary Klosza:select:0;Wysokość 30.5 cm / szerokość 18 cm:0
498;Wymiary Klosza:select:0;Wysokość 32.5 cm / szerokość 13 cm:0